pods,scenario,baseline_p50_ms,baseline_p95_ms,baseline_p99_ms,baseline_fps,baseline_over50,final_p50_ms,final_p95_ms,final_p99_ms,final_fps,final_over50,p95_delta_percent
200,overview,16.7,17.6,17.7,60.0,0,16.7,17.4,17.6,59.999,0,-1.136
200,filter,16.7,17.6,17.7,60.0,0,16.7,17.2,17.6,59.999,0,-2.273
200,radar,16.7,17.6,17.7,60.0,0,16.7,17.4,17.6,60.0,0,-1.136
200,dive,16.7,17.6,17.7,60.0,0,16.7,17.3,17.6,60.0,0,-1.705
200,impact,16.7,17.5,17.7,59.967,0,16.7,17.4,17.6,59.967,0,-0.571
1200,overview,16.7,17.5,17.6,60.0,0,16.7,17.4,17.7,60.001,0,-0.571
1200,filter,16.7,17.6,17.6,60.0,0,16.7,17.2,17.6,60.0,0,-2.273
1200,radar,16.7,17.6,17.6,59.999,0,16.7,17.4,17.6,59.999,0,-1.136
1200,dive,16.7,17.6,17.6,60.0,0,16.7,18.2,18.6,60.0,0,3.409
1200,impact,16.7,17.5,17.6,59.967,0,16.7,18.3,18.6,59.967,0,4.571
2500,overview,16.7,17.5,17.7,60.0,0,16.7,18.3,18.6,60.004,0,4.571
2500,filter,16.7,17.6,17.7,59.967,0,16.7,18.3,18.6,60.003,0,3.977
2500,radar,16.7,17.6,17.7,59.999,0,16.7,18.3,18.6,60.004,0,3.977
2500,dive,16.7,17.6,17.7,60.0,0,16.7,18.3,18.6,60.003,0,3.977
2500,impact,16.7,17.6,17.7,59.967,0,16.7,18.2,18.6,60.0,0,3.409
